{"Labels":[{"class":0,"poly":[[268.22626059453773,101.9638423193056],[237.13153795827316,101.9638423193056],[237.13153795827316,132.41298132002771],[268.22626059453773,132.41298132002771]],"imagefile":"20191108_105306.tiff"},{"class":0,"poly":[[291.72904611891772,8.5970937912813952],[258.25497353200967,8.5970937912813952],[253.12351387054161,25.057463672391009],[290.26486129458397,26.745706737120145]],"imagefile":"20191108_105306.tiff"},{"class":0,"poly":[[231.17635402906208,6.4867899603698334],[188.97027741083221,9.0191545574635938],[198.40909090909085,44.832231404958748],[237.48842975206603,38.495041322314137]],"imagefile":"20191108_105306.tiff"}]}