{"Labels":{"class":0,"poly":[[244.86645840555789,52.083736698919751],[212.3335816066689,52.083736698919751],[212.3335816066689,84.2447298014896],[244.86645840555789,84.2447298014896]],"imagefile":"20191108_105358.tiff"}}