{"Labels":{"class":0,"poly":[[274.13811381375211,1],[227.7998678996037,2.2661822985468234],[226.95574636723907,23.369220607661759],[261.09709379128145,41.164464993394745]],"imagefile":"20191108_105447.tiff"}}